IDSUCURSAL,NOMBRE,SEGMENTACION,TAMANO,CIUDAD,DIRECCION
1,Laurer's Desmatodon Moss,Universitaria,Pequeno,Kuzhu,63 Linden Avenue
2,Greene's Maple,Familiar,Mediano,Martil,5630 Arkansas Street
3,Lanceleaf Thoroughwort,Geografica,Pequeno,Effium,5656 Kim Plaza
4,Desert Spinystar,Geografica,Mediano,Vidče,140 Milwaukee Road
5,Tomasellia Lichen,Conductual,Pequeno,Bendoroto,392 5th Place
6,Buffalo Clover,Centro,Mediano,Dobje pri Planini,95374 Artisan Pass
7,Bejuco De Lira,Conductual,Mediano,Nangewer,739 Donald Trail
8,Cambustera De Costa,Familiar,Grande,Guijalo,7701 Colorado Junction
9,Palo Colorado,Universitaria,Mediano,Hamburg Sankt Pauli,2 Sutherland Plaza
10,Orange Lichen,Geografica,Grande,Junglinster,78 Sundown Park
11,Christmas Fern,Universitaria,Mediano,Uruguaiana,28961 Homewood Road
12,Cola,Centro,Grande,Pregonero,0841 Sherman Court
13,Howard's Evening Primrose,Centro,Grande,Penhascoso,329 Farragut Street
14,Weinmannia,Universitaria,Grande,Kelburn,7984 Doe Crossing Crossing
15,Colorado Buckhorn Cholla,Conductual,Pequeno,Sacramento,618 Kim Road
16,Cypress-pine,Centro,Grande,Morondava,5 Sage Plaza
17,Myriotrema Lichen,Centro,Grande,Saverne,384 Stuart Park
18,Skyblue Clustervine,Conductual,Pequeno,Volodymyr-Volyns’kyy,2 Vermont Street
19,California Blackberry,Centro,Grande,João Pinheiro,821 Northview Terrace
20,Beardless Rabbitsfoot Grass,Centro,Mediano,Hanting,7932 Birchwood Hill
21,Lone Fleabane,Geografica,Grande,Shypyntsi,5 Birchwood Point
22,Snowparsley,Familiar,Pequeno,Skolkovo,8582 Arkansas Hill
23,Thread Lichen,Geografica,Mediano,Prosperous,4 Garrison Parkway
24,Diploid Timothy,Geografica,Pequeno,Tarfaya,99 Pleasure Court
25,Longtip Lacebark,Conductual,Grande,Słotowa,74228 Eagan Terrace
26,Bittercress Ragwort,Centro,Pequeno,Teykovo,680 Brickson Park Lane
27,Delta Bulrush,Conductual,Grande,Calceta,4 Morningstar Trail
28,San Nicholas Biscuitroot,Universitaria,Grande,Sheksna,0 Kensington Alley
29,Waianae Range Papala,Geografica,Pequeno,Timashëvsk,22 Hayes Center
30,White Locoweed,Familiar,Pequeno,Taoyao,84207 Tennessee Terrace
31,Kral's Sedge,Conductual,Grande,Sutton,588 Hansons Court
32,Wild Tantan,Familiar,Grande,Klimavichy,90500 Hoffman Place
33,Cassine,Geografica,Mediano,Sindangjati,1 Goodland Alley
34,Slendertube Skyrocket,Universitaria,Grande,Banraeaba Village,34847 Ohio Crossing
35,Macdougal's Indian Parsley,Universitaria,Mediano,Pasto,53407 Browning Hill
36,Tundra Buttercup,Centro,Mediano,Shīeli,9898 Oriole Pass
37,Molokai Phyllostegia,Geografica,Mediano,Mosetse,62 Claremont Street
38,Donner Lake Lupine,Familiar,Pequeno,El Mirador,080 Pennsylvania Place
39,Secund Jewelflower,Centro,Pequeno,Pouso Alegre,9 Bowman Hill
40,Texas Broomweed,Universitaria,Pequeno,Zuogaimanma,812 Jay Way
41,Shockley's Buckwheat,Universitaria,Grande,Danidehe,870 International Plaza
42,Arthothelium Lichen,Geografica,Grande,San Miguel,7 Crowley Pass
43,Wiegand's Willow,Centro,Pequeno,Gongnong,50 Mandrake Point
44,Tuart,Geografica,Grande,Lemahputih,28 Sachtjen Point
45,Vasey's Pondweed,Geografica,Mediano,Futian,78 Monterey Alley
46,Whitestem Pondweed,Universitaria,Pequeno,Xiahan,9 Independence Pass
47,Common Woolly Sunflower,Conductual,Mediano,Bascaron,6604 Barnett Park
48,Red Bartsia,Conductual,Grande,Sarae,3 Walton Plaza
49,Netted Nutrush,Conductual,Grande,Karata,515 Stoughton Point
50,Possumhaw,Conductual,Pequeno,Ballitoville,7632 Commercial Court
51,Twining Screwstem,Familiar,Grande,Lijiazui,6789 Rowland Terrace
52,Tex-mex Tobacco,Centro,Grande,Kenamoen,532 Loeprich Parkway
53,Dotted Wild Coffee,Conductual,Mediano,Marieville,7370 Sachs Drive
54,Orange Lichen,Geografica,Pequeno,San José de las Lajas,794 Redwing Lane
55,Smallawned Sedge,Familiar,Pequeno,San Jerónimo,2701 Haas Alley
56,Alpine Fescue,Centro,Grande,Zürich,8835 Amoth Junction
57,Nephelium,Familiar,Pequeno,Peñarrubia,3981 Anderson Circle
58,Bastard Oak,Conductual,Mediano,Örebro,874 Warbler Drive
59,California Sycamore,Conductual,Mediano,Chishui,4 Eastwood Park
60,Bowl Lichen,Familiar,Grande,Portela,95913 Hermina Park
61,Mosquito Flatsedge,Familiar,Grande,Pasvalys,95637 La Follette Circle
62,Angularfruit Milkvine,Familiar,Mediano,Bastos,5474 Eagle Crest Way
63,Sticky Waxweed,Geografica,Mediano,Palatine,6583 Rigney Alley
64,Brown Mustard,Familiar,Pequeno,Nacimiento,6 Becker Junction
65,Cojite Morado,Universitaria,Pequeno,Camagüey,0 Southridge Road
66,Braunia Moss,Conductual,Grande,São José do Rio Preto,3175 Swallow Junction
67,Whitney's Clarkia,Centro,Mediano,Poshekhon’ye,91547 Montana Crossing
68,Mauritius Hemp,Familiar,Mediano,Gorki Vtoryye,93900 Darwin Junction
69,Kohlrabi,Centro,Mediano,Datun,51 Iowa Road
70,Cachiyuyo,Universitaria,Grande,Balatun,9178 Ridgeway Road
71,Protothelenella Lichen,Conductual,Grande,Tuchomie,006 Texas Place
72,Lemmon's Keckiella,Geografica,Mediano,Luleå,7 Morningstar Hill
73,South African Lovegrass,Geografica,Mediano,Dalu,2 Jenifer Alley
74,Palmbract Bird's-beak,Centro,Mediano,Rantau,9 Dorton Plaza
75,Quina Roja,Geografica,Mediano,Brovary,0 Village Street
76,Pamirian Winterfat,Conductual,Grande,Sainte-Geneviève-des-Bois,16311 Almo Plaza
77,Serrate Ephemerum Moss,Familiar,Grande,Xinmin,7 Carioca Drive
78,Calyptocarpus,Centro,Pequeno,Garešnica,069 Meadow Vale Pass
79,Robust Curlygrass Fern,Universitaria,Grande,Tamorot,492 Kennedy Street
80,Viscid Candyleaf,Geografica,Grande,Tarata,15507 6th Alley
81,Hardstem Lovegrass,Familiar,Pequeno,Abbeville,07102 Valley Edge Trail
82,Lanai Islandmint,Centro,Mediano,Codoi,45687 Lukken Crossing
83,Serpentine Stitchwort,Geografica,Grande,Tushi,45 Pennsylvania Trail
84,Yellow Monkshood,Geografica,Grande,Onguday,6262 Dexter Avenue
85,Sivinsk's Erigeron,Conductual,Mediano,Hollola,24 Summit Way
86,Purple Meadowparsnip,Geografica,Pequeno,Khlong Hat,2 Calypso Parkway
87,Skirret,Centro,Grande,Juexi,5005 Buena Vista Trail
88,Coastal Searocket,Familiar,Grande,Uvarovo,52228 Northport Point
89,Beautiful Fleabane,Geografica,Mediano,Santa Gertrudes,48 Darwin Center
90,Macoun's Barley,Centro,Pequeno,Saint-Chamond,493 Little Fleur Center
91,Twoflowered Rush,Geografica,Mediano,Pingpo,9 Morning Way
92,Spoonleaf Peperomia,Geografica,Grande,Currais Novos,6 Sherman Center
93,Bog Yellowcress,Universitaria,Pequeno,Quatre Bornes,3 Blaine Hill
94,Coenogonium Lichen,Conductual,Mediano,Luanda,83020 Bowman Park
95,White Sagebrush,Conductual,Pequeno,Taketoyo,5880 Mosinee Court
96,Roof's Manzanita,Familiar,Pequeno,Skoura,10952 Dawn Alley
97,Muellerella Lichen,Conductual,Mediano,La Rochelle,322 Porter Center
98,Hayfield Tarweed,Familiar,Pequeno,Capim Grosso,918 Sachs Park
99,Texas Vervain,Geografica,Mediano,Nicolas Bravo,88813 Becker Lane
100,Field Pumpkin,Centro,Grande,Veliki Grđevac,34 Stephen Street
101,Maidenhair Tree,Conductual,Mediano,Farmington,74 Fulton Junction
102,Sharpglume Brome,Conductual,Grande,Ljig,35 Mandrake Hill
103,'aku,Geografica,Mediano,Bakung,05437 Carioca Way
104,Desert Lily,Geografica,Grande,Pengjia Zhaizi,3 Hoepker Park
105,Chaenothecopsis Lichen,Universitaria,Mediano,Sukamantri Satu,2339 Golf Avenue
106,Ponderosa Pine,Familiar,Mediano,Zhihe,231 Linden Pass
107,Plumleaf Azalea,Geografica,Mediano,Castle Bruce,4 Glendale Lane
108,Whitethorn Acacia,Centro,Mediano,Maguilling,68 Upham Junction
109,Delta Maidenhair,Conductual,Mediano,Kalayemule,5 Shoshone Road
110,Cushion Buckwheat,Centro,Pequeno,Cigebrok,351 Chinook Road
111,Pygmyflower Rockjasmine,Universitaria,Grande,Calibungan,42 Prairie Rose Park
112,Marsh's Bluegrass,Universitaria,Mediano,Memphis,38838 Pond Center
113,Jointtail Grass,Geografica,Mediano,Brocēni,142 Hayes Plaza
114,Darkgreen Sedge,Geografica,Pequeno,Dniprodzerzhyns’k,2 Continental Plaza
115,American Searocket,Conductual,Grande,Taltal,3531 Portage Alley
116,Emery County Bedstraw,Conductual,Pequeno,Binalbagan,8 Anhalt Pass
117,Santa Inez Goldenbanner,Familiar,Grande,Lisieux,5 Amoth Center
118,Broadleaf Beardtongue,Centro,Grande,Pyt-Yakh,21377 Cordelia Point
119,Grayhairy Wild Indigo,Geografica,Mediano,Portsmouth,37 Rusk Crossing
120,Britton's Dry Rock Moss,Familiar,Pequeno,Ccuntuma,5 Schmedeman Place
121,Bracted Blazing Star,Universitaria,Mediano,Jiangdulu,9902 Rieder Avenue
122,Velvetleaf,Centro,Mediano,Zhigulevsk,4 Vernon Center
123,Sundial Lupine,Universitaria,Grande,Vila Nova,21361 Farwell Road
124,Rockbrake,Universitaria,Mediano,Palmeiros,99 Raven Pass
125,Jelly Lichen,Conductual,Grande,Shinpokh,597 Victoria Park
126,Buxbaumia Moss,Geografica,Pequeno,Tanjungjaya,0074 Little Fleur Crossing
127,Conspicuous Reindeer Lichen,Geografica,Pequeno,Weru,3 Nova Road
128,Curly Dock,Familiar,Mediano,Jauja,948 Bay Pass
129,Thistle Cholla,Conductual,Grande,Daban,92386 Hovde Hill
130,Small Green Wood Orchid,Geografica,Mediano,Antony,2 Thompson Hill
131,Sphenosciadium,Centro,Mediano,Vrilissia,0 Bartelt Road
132,Abajo Fleabane,Universitaria,Mediano,Zheyuan,01084 Welch Road
133,Cup Lichen,Geografica,Mediano,Melipilla,82738 Mesta Junction
134,American Strigula Lichen,Familiar,Grande,Luis Donaldo Colosio,0293 Melby Court
135,Longleaf Summer Bluet,Centro,Grande,Boa Esperança,7 Cordelia Way
136,Chihuahuan Groundcherry,Geografica,Mediano,Yanaoca,974 Orin Park
137,Catalpa,Universitaria,Grande,Guanchao,5 Comanche Drive
138,Tapered Rosette Grass,Geografica,Pequeno,Weekaka,1 Hagan Circle
139,Eastern Rough Sedge,Conductual,Mediano,Zhengwan,9041 Muir Plaza
140,Fringeleaf Lobelia,Familiar,Grande,Bachowice,62 La Follette Place
141,Intermediate Candle Snuffer Moss,Familiar,Grande,Huiwan,23 Clarendon Court
142,Gray Rupturewort,Centro,Mediano,Diaoling,94 Sage Place
143,Dacryodes,Conductual,Grande,Jingu,18077 Buell Pass
144,Mata De Peo,Centro,Grande,Mayumba,344 Dunning Place
145,Hepp's Cracked Lichen,Conductual,Pequeno,Prakhon Chai,8768 Loomis Trail
146,Indian Teasel,Geografica,Mediano,Kathu,80903 Ramsey Trail
147,Madiera Cranesbill,Conductual,Mediano,Capim Grosso,28437 Village Green Center
148,Sampson's Snakeroot,Centro,Grande,Severnoye,459 Anhalt Place
149,Dixie Rosemallow,Centro,Grande,Masindi Port,976 Warrior Point
150,Meadow Brome,Familiar,Pequeno,Chaiwan,0 Menomonie Road
151,Arizona Honeysuckle,Geografica,Grande,Pretoria,72005 Corscot Terrace
152,Menzies' Campion,Familiar,Grande,Konggar,70 Westerfield Terrace
153,Olympic Mountain Aster,Universitaria,Mediano,Ankazondandy,10 Brentwood Place
154,Wishbone-bush,Centro,Mediano,Recife,8 Rigney Junction
155,Panicledleaf Ticktrefoil,Familiar,Mediano,Liangchahe,813 Russell Crossing
156,Haplopappus,Universitaria,Pequeno,Pomacanchi,93 Sage Lane
157,Rough Sprangletop,Conductual,Grande,Aş Şanamayn,3 Killdeer Parkway
158,Southwestern Rabbitbrush,Familiar,Pequeno,Virginia,037 Scoville Place
159,Maydell's Oxytrope,Centro,Pequeno,Louis Trichardt,8 Dorton Crossing
160,Sanddune Ipomopsis,Centro,Mediano,Arlington,1986 Waxwing Place
161,Orange Lichen,Geografica,Mediano,Enjitsu,0598 Dawn Plaza
162,Horsehair Lichen,Geografica,Pequeno,Hehe,8 Ruskin Street
163,Cherokee Sedge,Geografica,Grande,Jequitinhonha,4 Claremont Crossing
164,Mountain Woodfern,Conductual,Grande,Kladovo,9 Beilfuss Center
165,Common Serviceberry,Geografica,Pequeno,Saryözek,4705 Ridge Oak Place
166,Manyhead Rush,Geografica,Mediano,Alikalia,62 Miller Alley
167,American Burnweed,Familiar,Mediano,Świecie,71936 Mayfield Circle
168,Imbricate Lorentziella Moss,Universitaria,Pequeno,Xinjie,04334 Utah Avenue
169,Crescent Milkvetch,Universitaria,Mediano,Zhaoguli,25 Everett Pass
170,Sausage Tree,Conductual,Mediano,Yunfu,9 Blaine Hill
171,Tamarugo,Familiar,Pequeno,Tangkil,8 Coleman Avenue
172,German Hedgenettle,Familiar,Grande,Lampitak,5 Walton Place
173,Mississippi Sphagnum,Centro,Pequeno,Studenec,0 Holy Cross Alley
174,Bryoerythrophyllum Moss,Universitaria,Pequeno,Oeri’u,441 Spaight Pass
175,Purple Grama,Conductual,Mediano,Kaédi,1702 Emmet Crossing
176,Rock Buckwheat,Universitaria,Pequeno,Brčko,76083 Sauthoff Point
177,Raintree,Centro,Grande,Diego de Almagro,053 Lerdahl Hill
178,Clustertree,Geografica,Grande,At-Bashi,1 Waxwing Trail
179,Mock Goldenweed,Familiar,Mediano,Tongshan,7800 Northland Parkway
180,Elegant Groundsel,Universitaria,Grande,Parravak’ar,9 Grasskamp Alley
181,Santa Rosa Mountains Linanthus,Centro,Mediano,Santa Ana,027 Lillian Junction
182,Star Duckweed,Centro,Mediano,Tsyurupyns’k,413 Clarendon Park
183,Dotted Bristle Fern,Centro,Grande,Nikopol,36 Rieder Street
184,Clokey's Fleabane,Geografica,Grande,Leigongmiao,77508 Darwin Way
185,Prairie Dodder,Conductual,Grande,Fulu,31294 Prentice Street
186,Largeflower Triteleia,Geografica,Mediano,Sovetskiy,94 Spaight Trail
187,Cracked Lichen,Universitaria,Grande,Yangzizhou,8577 Chinook Hill
188,Stonecrop,Geografica,Grande,New York City,8 Cottonwood Junction
189,Giant Forget-me-not,Universitaria,Grande,Fāmenīn,498 Hollow Ridge Parkway
190,Winged Panicgrass,Conductual,Pequeno,Cadiz,95743 Arapahoe Point
191,Giant Wakerobin,Centro,Pequeno,Marne-la-Vallée,547 6th Avenue
192,Greenviolet,Conductual,Grande,Orlando,5 American Terrace
193,Pt. Reyes Bird's-beak,Familiar,Pequeno,Wentai,9 Badeau Trail
194,Small-leaf Geigertree,Familiar,Grande,Longfengba,5021 Acker Junction
195,Fendler's Horsenettle,Centro,Pequeno,Gémeos,05889 Ronald Regan Alley
196,Turkey Corn,Universitaria,Pequeno,Várzea,6433 Independence Drive
197,Fringed Lichen,Familiar,Mediano,Tawau,6770 Main Place
198,Glyphis Lichen,Familiar,Mediano,Torre de Moncorvo,49 Village Junction
199,Whiteflower Tansyaster,Geografica,Pequeno,Banyliv,74 Walton Hill
200,Utah Columbine,Geografica,Grande,Guilmaro,16 Victoria Junction
201,Atoto,Geografica,Mediano,Maykopskoye,4647 4th Drive
202,Calamus,Centro,Grande,Zhongchuan,9 Buena Vista Way
203,Alaska Indian Paintbrush,Centro,Mediano,Oliveira do Conde,176 Farwell Junction
204,Glaucous Bluegrass,Geografica,Pequeno,Manorom,0206 Petterle Junction
205,Lecidea Lichen,Centro,Pequeno,Shangganshan,4 Chive Circle
206,Don Quixote's Lace,Geografica,Pequeno,Xiapu,047 Bowman Way
207,Peruvian Paspalum,Conductual,Pequeno,Taoyuan,427 Mayfield Terrace
208,Guayule,Universitaria,Mediano,Bronx,8120 Washington Center
209,Fen Bedstraw,Geografica,Grande,Bayt Sāḩūr,8849 Northridge Park
210,Lecidea Lichen,Universitaria,Mediano,Zelenograd,182 Northwestern Hill
211,Northern Green Rush,Conductual,Grande,Skokovi,0 Grim Terrace
212,Mangosteen,Universitaria,Pequeno,Gueset,3982 Melrose Junction
213,Mintleaf Bergamot,Geografica,Grande,Lijiapu,5560 Sachtjen Trail
214,Fewflower Draba,Universitaria,Grande,Il’ka,43071 Calypso Avenue
215,Western Panicgrass,Conductual,Pequeno,Shuangqiaoping,318 Loomis Circle
216,Browneyes,Geografica,Pequeno,Halteu,501 Dakota Trail
217,Pygmy Fleabane,Centro,Pequeno,Pashkovskiy,2677 Riverside Street
218,Crucillo,Geografica,Mediano,Shizong,74 Meadow Ridge Crossing
219,Wulf's Sphagnum,Universitaria,Grande,Andrézieux-Bouthéon,0 Heath Crossing
220,Cleyera,Familiar,Mediano,Vrede,23157 Helena Trail
221,Himalayan Hazelnut,Universitaria,Grande,Pavlovka,04410 Ridgeway Road
222,Birdfoot Cliffbrake,Familiar,Grande,Ankazoabo,41 Cascade Center
223,Painted Milkvetch,Conductual,Grande,Kacha,51261 Brown Avenue
224,Whitebark Raspberry,Centro,Grande,Pom Prap Sattru Phai,56 Pierstorff Drive
225,Navel Lichen,Universitaria,Mediano,Bandar-e Māhshahr,275 Pearson Way
226,Thinleaf Cottonsedge,Conductual,Mediano,Lintan Chengguanzhen,46 Carey Road
227,Kawa'u,Geografica,Grande,Chamouny,8380 Holy Cross Trail
228,Mendocino Spineflower,Geografica,Pequeno,Leceia,3289 Loftsgordon Alley
229,Common Rush,Geografica,Grande,Shangcheng Chengguanzhen,1 Arapahoe Terrace
230,Orange Lichen,Familiar,Grande,Gampingan,3120 Corben Center
231,Golden Oatgrass,Familiar,Mediano,Heshi,91 Kipling Road
232,Sebastopol Meadowfoam,Familiar,Grande,Medianeira,9629 Londonderry Terrace
233,Diablo Hareleaf,Conductual,Grande,Tegalgede,19566 Scoville Lane
234,Fuzzytongue Penstemon,Conductual,Pequeno,Hengdaohezi,7 Autumn Leaf Lane
235,Puerto Rico Yellowseed,Universitaria,Pequeno,Dasht-e Archī,3460 Mayer Drive
236,Pole Butterflybush,Universitaria,Pequeno,Haenam,8574 Northland Terrace
237,Mt. Lassen Fleabane,Universitaria,Grande,Akron,62102 Thierer Park
238,Steiner's Lecidea Lichen,Familiar,Pequeno,Ladhewāla Warāich,3193 Huxley Point
239,Field Pennycress,Centro,Grande,Pilar,42 Bunker Hill Plaza
240,Atoto,Centro,Pequeno,Lingzhi,9066 Rieder Crossing
241,Cushion Spurge,Geografica,Grande,Abaeté,1845 Hoepker Court
242,Orthotrichum Moss,Familiar,Mediano,Mirskoy,9660 Moulton Trail
243,Amygdalaria Lichen,Centro,Grande,Donglu,203 Donald Crossing
244,Balsampear,Geografica,Pequeno,Марино,49848 Loftsgordon Pass
245,Wood's Cycad,Conductual,Mediano,Sannois,440 Corry Junction
246,Florida Bully,Conductual,Pequeno,Luzern,9 Corscot Parkway
247,Merckia,Universitaria,Pequeno,Mólos,3388 Esch Center
248,Goldilocks,Conductual,Pequeno,Waigete,7564 Ridgeway Road
249,Naked Buckwheat,Universitaria,Grande,Vidnoye,530 Duke Lane
250,Fremont's Dalea,Geografica,Mediano,Marseille,4854 Sage Park
251,Spiny Plumeless Thistle,Familiar,Mediano,Calamba,5 Dahle Parkway
252,Hybrid Locust,Universitaria,Grande,Thawat Buri,373 Lindbergh Alley
253,Hawkweed,Familiar,Mediano,Berat,6812 Esch Parkway
254,Warnstorfia Moss,Familiar,Grande,Nanshan,53699 Huxley Parkway
255,Bighead Horkelia,Conductual,Mediano,Malanday,97818 Canary Circle
256,Bottomland Aster,Centro,Grande,Nestório,710 Talisman Junction
257,Dubautia,Geografica,Mediano,Dizhai,7 Glendale Alley
258,Compact Pseudoleskea Moss,Familiar,Pequeno,Danglang Hudong,53321 Ohio Pass
259,Douglas' Thistle,Centro,Pequeno,Ngou,6 Hagan Road
260,Bicolor Fanmustard,Geografica,Pequeno,Algoz,70894 Bashford Point
261,Hippeastrum,Familiar,Mediano,Bilovods'k,60 Eastwood Way
262,Littlehead Horkelia,Conductual,Mediano,Kota Kinabalu,310 Bluestem Parkway
263,Gopherweed,Familiar,Grande,Ashton,583 Farwell Trail
264,Nuttall's Water-starwort,Familiar,Grande,Nardaran,6 Comanche Road
265,Subalpine Lupine,Universitaria,Mediano,Magalalag,2532 Artisan Parkway
266,Hanging Clubmoss,Familiar,Mediano,Wien,9 Memorial Trail
267,Smooth Cliffbrake,Centro,Grande,Maputo,4 Michigan Place
268,Northern Jacob's-ladder,Familiar,Mediano,Tiebukenwusan,8 Rockefeller Junction
269,Strigose Bird's-foot Trefoil,Universitaria,Pequeno,Thị Trấn Ngải Giao,07037 Dexter Terrace
270,Waihee Valley Cyanea,Geografica,Pequeno,Lipník nad Bečvou,188 Longview Avenue
271,Case's Lady's Tresses,Universitaria,Pequeno,Iba,6910 Heath Court
272,Notchleaf Clover,Familiar,Mediano,Thành Phố Bà Rịa,16 Sachs Center
273,Grand Merisier,Universitaria,Grande,Palena,678 Fallview Place
274,Bullsuckers,Conductual,Mediano,Wodzierady,3804 Monument Trail
275,Floating Primrose-willow,Geografica,Pequeno,Annecy,038 Carberry Pass
276,Senna,Geografica,Mediano,Hualin,4052 Dottie Park
277,Ground Nama,Universitaria,Mediano,Cipicung,2 Kings Way
278,Swordleaf Rush,Centro,Pequeno,Prilep,4 Stephen Court
279,Marked Gilia,Centro,Mediano,Xinzhaiping,69 Bultman Center
280,Big Bend Beardtongue,Conductual,Mediano,Mineralnye Vody,2817 Summit Circle
281,Calla Lily,Conductual,Mediano,Bijelo Polje,8453 Porter Junction
282,Tatarian Maple,Geografica,Grande,Nykarleby,9478 Erie Circle
283,Giant Bristlegrass,Centro,Mediano,Saint-Herblain,47543 Hoffman Pass
284,Twigrush,Conductual,Pequeno,Liberia,582 Sundown Junction
285,Bryocaulon Lichen,Conductual,Mediano,Sofádes,814 Holmberg Trail
286,Roundhead Lespedeza,Universitaria,Pequeno,Seredyna-Buda,206 Roth Trail
287,Bird's-eye Gilia,Geografica,Grande,Sattahip,4 Loeprich Circle
288,Western White Clematis,Conductual,Mediano,Alto Río Senguer,916 Maywood Road
289,Colorado Woodrush,Universitaria,Grande,Rialma,55 Mifflin Terrace
290,Death Valley Suncup,Centro,Mediano,Ariquemes,78 High Crossing Street
291,Argentinian Quila,Conductual,Pequeno,Daxi,036 Montana Drive
292,Weinmannia,Universitaria,Pequeno,Cilolongokan,81273 International Trail
293,Spoonleaf Yellow Loosestrife,Universitaria,Pequeno,Sumbawa Besar,93527 Lien Parkway
294,Hyophila Moss,Centro,Mediano,Vypolzovo,8 Walton Avenue
295,Earth Loosestrife,Centro,Grande,Shibukawa,607 Stephen Circle
296,Foldedleaf Grass,Familiar,Grande,Couto,1 Melody Drive
297,Fir Dwarf Mistletoe,Geografica,Grande,Fuxing,5 Schmedeman Trail
298,European Pasqueflower,Centro,Mediano,Oliveirinha,3 Oak Valley Street
299,Asian Swordfern,Geografica,Grande,Taiping,9 Schurz Place
300,Florida Amaranth,Conductual,Mediano,Ciudad Nueva,51 Reindahl Park
301,Onyxflower,Centro,Mediano,Tebingtinggi,840 Ridge Oak Road
302,Chinese Lantern,Universitaria,Mediano,Valença,48 Milwaukee Plaza
303,Thompson's Yucca,Familiar,Pequeno,Luso,514 Redwing Hill
304,Turkey Tangle Fogfruit,Geografica,Pequeno,Sumpur Kudus,41669 Moland Road
305,Franciscan Manzanita,Geografica,Grande,Thayetmyo,42 Sugar Park
306,Sand Phacelia,Centro,Mediano,Luleå,6083 Talisman Street
307,Pricklypear,Universitaria,Pequeno,Placer,7 Mayer Point
308,Townsville Stylo,Geografica,Mediano,Divo,441 Carioca Hill
309,Leskeella,Universitaria,Grande,Mashtūl as Sūq,547 Maple Wood Road
310,Hollowleaf Annual Lupine,Geografica,Pequeno,Kaélé,7 Talisman Drive
311,Calder's Rockcress,Familiar,Pequeno,Mikhaylovsk,12 Hauk Plaza
312,Narrowpoint Knotweed,Conductual,Grande,Saint-Quentin-en-Yvelines,83 Holmberg Park
313,Sickletop Lousewort,Familiar,Pequeno,Čapljina,279 Marquette Court
314,Lecania Lichen,Universitaria,Mediano,Santyoku,77655 Moose Circle
315,Claspingleaf St. Johnswort,Universitaria,Pequeno,Huochang,33186 Thierer Terrace
316,Softseed Wild Petunia,Geografica,Mediano,Huangfang,4 Debs Avenue
317,American Cranberrybush,Conductual,Grande,Rēzekne,40429 Northview Place
318,Gazania,Centro,Grande,Hiratachō,32018 School Avenue
319,Afghan Pine,Universitaria,Mediano,Nguékhokh,53 Old Shore Junction
320,Shortleaf Blazing Star,Geografica,Mediano,Melbourne,9 Manufacturers Hill
321,Dipogon,Geografica,Pequeno,Gunungkendeng,386 Garrison Point
322,Goldbloom Saxifrage,Geografica,Grande,Pueblo Nuevo,18 John Wall Avenue
323,Apetalous Catchfly,Conductual,Mediano,Garang,1 Westend Lane
324,Prairie Flax,Centro,Grande,Bugcaon,470 Del Mar Place
325,Peck's Violet,Centro,Pequeno,Longra,5451 Bunker Hill Pass
326,Creeping Muhly,Geografica,Pequeno,Pongola,28 Del Sol Plaza
327,Wrinkleleaf Goldenrod,Familiar,Pequeno,Titay,7374 Lighthouse Bay Circle
328,Rhodotypos,Geografica,Grande,Kosmonosy,5 Dexter Circle
329,Gallion Hawthorn,Conductual,Pequeno,Samajie Ewenkeminzu,6 Debra Drive
330,Orange Lichen,Familiar,Mediano,Cisiec,3 Shopko Way
331,Netted Adderstongue,Conductual,Mediano,Bao’an,876 Golf Avenue
332,Bluepod Rockcress,Familiar,Grande,Suvorovo,4478 Carioca Parkway
333,Missouri Orange Coneflower,Geografica,Mediano,Redcliff,43 Eagle Crest Parkway
334,Limestone Thoroughwort,Conductual,Pequeno,Yanmen,40407 Kensington Junction
335,Ravine Sedge,Familiar,Grande,Avignon,65 American Ash Crossing
336,Red Sierra Onion,Familiar,Pequeno,Shangyong,84 Brickson Park Center
337,Scadoxus,Centro,Grande,Corvite,33 Arizona Place
338,Coamo,Familiar,Pequeno,Xiaoshi,41 Twin Pines Parkway
339,Chaparral Whitethorn,Geografica,Grande,Benito Juarez,2851 Ridgeview Drive
340,Buckwheat,Universitaria,Grande,Kuleqi,73 Pearson Circle
341,Owens Valley Beardtongue,Centro,Grande,Shalizhai,15127 Namekagon Hill
342,Barbula Moss,Geografica,Grande,Tanahgrogot,214 Summerview Trail
343,Bittercress,Geografica,Pequeno,Coronel,287 Loomis Place
344,Trichostomum Moss,Familiar,Pequeno,Renfengzhuang,327 Harper Lane
345,Northern False Candytuft,Conductual,Grande,Forécariah,21481 Sachs Lane
346,Santa Lucia Dwarf Rush,Conductual,Mediano,Baiqi,840 Swallow Court
347,Wild Cabbage,Conductual,Mediano,Kunwi,7537 Lotheville Avenue
348,Stellar Hau Kuahiwi,Universitaria,Grande,Jōetsu,53524 Springs Way
349,San Luis Lupine,Familiar,Mediano,Inderka,2 Pennsylvania Lane
350,Hoary Tansyaster,Universitaria,Mediano,Pamplona,90 Schurz Court
351,Leechleaf Delissea,Conductual,Pequeno,Kraśnik,33288 Village Way
352,Tropical Dropseed,Familiar,Mediano,Mkushi,061 Scoville Terrace
353,Blackeyed Susan,Geografica,Pequeno,Barranqueras,13957 Linden Park
354,Carrizo Mountain Sandmat,Familiar,Grande,Lazeshchyna,7419 Pankratz Center
355,Morton's Alpine Oatgrass,Centro,Mediano,Quinta,73 Grim Hill
356,Hybrid Oak,Universitaria,Pequeno,Cuozhou,73505 Amoth Drive
357,Wright's Paspalum,Familiar,Pequeno,Hejiadong,98790 Hagan Center
358,Spinulose Woodfern,Universitaria,Mediano,Bejucal,1096 Farmco Street
359,Leucodon Moss,Familiar,Pequeno,Valeirinha,7 Rusk Park
360,Cutler's Milkvetch,Conductual,Grande,Vendychany,1644 Dexter Trail
361,Muskflower,Centro,Pequeno,Stepanovićevo,958 Ridgeway Street
362,Fiveangled Dodder,Centro,Mediano,Nggelok,3736 Annamark Hill
363,Tailcup Lupine,Geografica,Mediano,Bacheng,7 Sachs Circle
364,Pequi,Geografica,Pequeno,Sandefjord,32813 Mendota Junction
365,Oahu Peperomia,Familiar,Mediano,Bečmen,719 Mockingbird Street
366,Piedmont Mock Bishopweed,Geografica,Pequeno,Drakhtik,6 Waxwing Place
367,Variableleaf False Ohelo,Universitaria,Grande,Honiara,74960 Moland Road
368,Slimspike Prairie Clover,Conductual,Grande,Safakulevo,2 Basil Point
369,Desert Rose,Geografica,Pequeno,Meizhou,64 Pierstorff Crossing
370,Mediterranean Stork's Bill,Universitaria,Pequeno,Cabanilla,8 Ridgeway Place
371,Spotless Watermeal,Familiar,Mediano,Maukaro,47819 Shasta Circle
372,Lecidea Lichen,Familiar,Pequeno,Deskáti,79 Northfield Crossing
373,Schott's Yucca,Geografica,Pequeno,Zahedan,6 Clarendon Street
374,Mosquitograss,Universitaria,Pequeno,Cibalieur,6 Glacier Hill Circle
375,Goodding's Onion,Conductual,Grande,Jackson,5 Summer Ridge Terrace
376,Erect Centella,Familiar,Pequeno,Georgīevka,310 Colorado Junction
377,Otholobium,Familiar,Pequeno,Madrid,076 Vermont Place
378,Phymatosaurus,Geografica,Grande,Bauru,0 Stuart Way
379,Wideleaf Bamboo,Familiar,Pequeno,Suai,1 Nancy Pass
380,Parmotrema Lichen,Universitaria,Grande,Nowa Góra,30 Stone Corner Pass
381,Mt. Lassen Fleabane,Conductual,Pequeno,Guaymango,388 Maywood Pass
382,Blue Ridge Sedge,Familiar,Pequeno,Itaparica,9134 Schurz Avenue
383,Summer Coralroot,Geografica,Pequeno,Leer,29990 Riverside Road
384,Anthracothecium Lichen,Geografica,Mediano,Roma,5 Sycamore Avenue
385,Cluster-flower Cotoneaster,Geografica,Grande,Solok,92 North Trail
386,Sawsepal Penstemon,Centro,Grande,Sahavato,06125 Trailsway Lane
387,Monongahela Barbara's Buttons,Geografica,Mediano,Genet,72986 Mesta Road
388,Tree Poppy,Conductual,Grande,Ugljan,069 Mayer Plaza
389,Eared Hedgemustard,Centro,Pequeno,Studená,6689 Rutledge Court
390,Whorled Wood Aster,Familiar,Mediano,Redinha,8928 Mandrake Court
391,Hybrid Cloakfern,Centro,Grande,Lijia,3442 Grasskamp Court
392,Bristly Cryptantha,Centro,Mediano,Akunk’,1 Coolidge Junction
393,Sowthistle Desertdandelion,Geografica,Mediano,Zmiennica,26 Valley Edge Park
394,Thelidium Lichen,Centro,Mediano,Panjiawan,75 Fremont Park
395,Varicellaria Lichen,Geografica,Pequeno,Gedangan,21 Elka Pass
396,Japanese Meadowsweet,Universitaria,Mediano,Štítná nad Vláří,5755 Mayer Center
397,Savannah Iris,Geografica,Pequeno,Umm as Sāhik,22 Briar Crest Place
398,Queensland Raspberry,Universitaria,Pequeno,Port Nolloth,0 Lake View Point
399,Mt. Diablo Jewelflower,Universitaria,Pequeno,Huilong,00 Claremont Street
400,Fraser's Photinia,Conductual,Mediano,New-Richmond,24 Graedel Trail
401,Uralanguis,Universitaria,Mediano,Centre de Flacq,11698 Northridge Parkway
402,Plymouth Rose Gentian,Centro,Mediano,Baitu,3 Florence Way
403,Mojave Milkweed,Geografica,Pequeno,Ash Shuyūkh,1309 Hagan Crossing
404,Otay Manzanita,Conductual,Mediano,Bronx,6694 Loeprich Avenue
405,Zedoary,Conductual,Mediano,Gujiadian,23765 Orin Junction
406,Withania,Centro,Pequeno,Kademangan,114 Lakewood Gardens Center
407,Columbus Grass,Centro,Grande,Twyford,21 Moose Road
408,Del Norte Willow,Familiar,Pequeno,Shakhty,75 Westend Center
409,Allegheny Mountain Goldenbanner,Conductual,Pequeno,Laohekou,60978 Crescent Oaks Point
410,Big Saltbush,Familiar,Mediano,Huyu,9967 Truax Center
411,Deer Goldenbush,Centro,Grande,Barkol,24406 Pine View Circle
412,Eggleaf Rosette Grass,Universitaria,Grande,Dalang,3 Blackbird Pass
413,Cartilage Lichen,Centro,Grande,Vratsa,93873 Kings Road
414,Rim Lichen,Centro,Grande,Buk,85880 Superior Pass
415,Barton Flats Horkelia,Universitaria,Grande,Trambalan,97194 Spenser Trail
416,Sweet Crab Apple,Universitaria,Grande,Kronoby,28 Acker Plaza
417,Swampweed,Universitaria,Pequeno,Laolong,0121 North Plaza
418,California Blackberry,Universitaria,Pequeno,Lille,36094 Ryan Road
419,Pandanus,Universitaria,Grande,Mauponggo,69 Walton Terrace
420,Yam,Centro,Pequeno,Potelych,2819 Fuller Junction
421,Orange Lichen,Universitaria,Pequeno,San Marcos,4001 Calypso Lane
422,Black Bugbane,Conductual,Grande,Zhichu,6 Banding Way
423,Small Limestone Moss,Geografica,Pequeno,Shīnḏanḏ,1 David Way
424,Giantdaisy,Universitaria,Mediano,Kuala Terengganu,128 Namekagon Center
425,Krug's Peacock Orchid,Centro,Mediano,Seattle,68180 Carberry Terrace
426,San Joaquin Tarweed,Conductual,Mediano,Yambol,4813 Dennis Street
427,Barbieria,Universitaria,Pequeno,Baohe,37571 Southridge Junction
428,Johnston's Seaheath,Familiar,Pequeno,Stockholm,3511 Anthes Terrace
429,Manyspike Flatsedge,Familiar,Pequeno,Del Pilar,297 Mariners Cove Junction
430,Showy Goldenbanner,Universitaria,Grande,Menara,7 Mosinee Park
431,Bristlecone Fir,Conductual,Pequeno,Muyi,8761 Pond Point
432,Smallflower Deathcamas,Conductual,Pequeno,Qiziltepa Shahri,7155 Dottie Parkway
433,Serviceberry,Familiar,Mediano,Porto Ferreira,721 Red Cloud Court
434,Parmelinopsis,Conductual,Grande,Podgórzyn,3440 Fisk Pass
435,Featherplume,Geografica,Mediano,Yulao,2224 Sullivan Road
436,Whitemouth Dayflower,Universitaria,Pequeno,Bálsamo Oriental,5 Kipling Center
437,Thicket Globemallow,Geografica,Pequeno,Baitu,4 Cordelia Way
438,Hayfield Tarweed,Familiar,Grande,Lokoja,21114 Division Drive
439,Snow Currant,Geografica,Grande,Canhas,18 Golf Course Avenue
440,Farnoldia Lichen,Familiar,Pequeno,Darungan Lor,6782 West Way
441,Hairy False Goldenaster,Conductual,Mediano,Smyshlyayevka,68610 Cambridge Circle
442,Yabea,Geografica,Pequeno,Voskhod,391 Gerald Center
443,Roman Chamomile,Conductual,Pequeno,Bukowiec,0469 Cherokee Drive
444,Field Copperleaf,Geografica,Mediano,Old City,6305 Fair Oaks Street
445,Santa Cruz Cypress,Familiar,Grande,Barong,61643 Leroy Street
446,Ferris' Milkvetch,Familiar,Pequeno,Guyang,74484 Artisan Park
447,Lindheimer's Indigo,Conductual,Pequeno,Juan Santiago,38 Lyons Avenue
448,Swordbush,Familiar,Pequeno,Warlubie,4939 Esch Way
449,Cleftleaf Phacelia,Conductual,Pequeno,Polanka Wielka,1330 Northview Avenue
450,California Gilia,Familiar,Grande,Papër,4460 Eagan Place
451,Hybrid Fuchsia,Centro,Grande,Shibukawa,51227 Drewry Way
452,Canadian Serviceberry,Centro,Mediano,Goshogawara,0 Boyd Drive
453,Maui Cyanea,Conductual,Mediano,Villa Lugano,9886 Parkside Lane
454,Attu Hollyfern,Universitaria,Mediano,Chenfang,7 Sherman Lane
455,Pacific Blazingstar,Universitaria,Pequeno,Bakersfield,1871 Dayton Alley
456,Blepharizonia,Conductual,Mediano,Malaga,12 Rusk Junction
457,False Toadflax,Universitaria,Grande,Gilowice,07435 Bunting Parkway
458,Thinleaf Camasey,Conductual,Mediano,Orsha,94929 Ludington Center
459,Brazilian Bluewood,Centro,Mediano,Nakhabino,5 Dakota Hill
460,Tahitian Gooseberry Tree,Familiar,Pequeno,Vodnyy,50878 Almo Lane
461,Polyblastia Lichen,Centro,Grande,Cuispes,51 Havey Alley
462,California Scleropodium Moss,Centro,Pequeno,Ćićevac,88 Garrison Center
463,Bog Rush,Geografica,Grande,Meneou,87721 Debs Street
464,Red Fescue,Familiar,Pequeno,Alma,12128 Anderson Road
465,Bald Cypress,Conductual,Grande,Saḩab,050 Elgar Street
466,Crinkleroot,Familiar,Pequeno,Wuyahe,2 Fuller Hill
467,Australian Tallowwood,Conductual,Mediano,Zomba,34 Lake View Drive
468,Smooth Sumac,Conductual,Grande,Krajan Caluk,4 Old Gate Drive
469,Fernleaf False Candytuft,Centro,Mediano,Salon-de-Provence,0 Dakota Center
470,Redpurple Beebalm,Centro,Mediano,Hexi,60 Pennsylvania Circle
471,Coastal Plain Panicgrass,Conductual,Grande,Lianhe,153 Eliot Circle
472,Soft Brome,Geografica,Grande,Linköping,1327 Linden Hill
473,Globemallow,Conductual,Grande,Sanjiazi,40 Namekagon Hill
474,Dalmatian Clover,Centro,Mediano,Duncan,9710 Basil Hill
475,Prairie Cordgrass,Centro,Grande,Mętków,51044 Basil Way
476,Twinleaf,Universitaria,Pequeno,Särö,0 Nobel Junction
477,Ma'oloa,Universitaria,Mediano,Yushugou,0 Sauthoff Lane
478,Alfalfa,Centro,Mediano,Bulumulyo,391 Graedel Parkway
479,Chickasaw Plum,Familiar,Grande,La Punta,9 Dovetail Trail
480,Molokai Cyanea,Geografica,Pequeno,Haoxinying,7 Golf View Circle
481,Wavyleaf Purple Coneflower,Universitaria,Pequeno,Łomża,373 Miller Court
482,Jared's Pepperweed,Geografica,Mediano,Plyussa,02 Dakota Junction
483,Mock Vervain,Conductual,Pequeno,Changzhi,15745 Truax Pass
484,Longstalk Clover,Geografica,Mediano,Tianzishan,3 Green Ridge Road
485,Lotus,Familiar,Grande,Tayginka,2666 Elgar Parkway
486,Grimmia Dry Rock Moss,Familiar,Mediano,Liverpool,4859 Fallview Alley
487,Pacific Popcornflower,Geografica,Mediano,Donghai,26 Grover Drive
488,Allegheny Monkeyflower,Centro,Mediano,Al Faḩāḩīl,0947 Havey Court
489,East Indian Lemongrass,Familiar,Mediano,Fram,3592 Thackeray Pass
490,British Soldier Lichen,Universitaria,Pequeno,Kassel,1438 Bartelt Drive
491,Sacatrapo,Centro,Pequeno,Huangkeng,5 Messerschmidt Lane
492,Domingan Pseudocryphaea Moss,Universitaria,Mediano,Krasnoye,00 Bellgrove Street
493,Candelabra Aloe,Universitaria,Pequeno,Mae Lao,00 Browning Drive
494,Dutchman's Pipe Cactus,Universitaria,Mediano,Orlovskiy,40 Shopko Court
495,Stiff Marsh Bedstraw,Universitaria,Pequeno,Campo Alegre,14718 Schurz Point
496,Oregon Semaphoregrass,Conductual,Pequeno,Ishurdi,501 Prairie Rose Parkway
497,Castle Lake Bedstraw,Familiar,Pequeno,Weru,56301 Fieldstone Circle
498,Shinyleaf Currant,Centro,Grande,Bashan,1990 Declaration Junction
499,Teloschistes Lichen,Geografica,Grande,Honggang,3 Grim Junction
500,Abrus,Centro,Mediano,Banzhong,72531 Buell Hill
501,Rapp's Schismatomma Lichen,Familiar,Mediano,Shaft,00249 Reinke Park
502,Twinleaf Bedstraw,Geografica,Grande,Kunduz,4921 Hauk Terrace
503,Naked Milkvetch,Familiar,Mediano,Rudnyy,6 Donald Terrace
504,Torrey's Four-nerve Daisy,Familiar,Pequeno,Krajan,7 Graceland Circle
505,Bristleleaf Chaffhead,Centro,Grande,Kanaya,1785 Longview Pass
506,Gray's Milkvetch,Familiar,Mediano,Temanjang,0 Memorial Terrace
507,Bush Croton,Universitaria,Grande,Oslo,88 Bluestem Avenue
508,Gray's Seablush,Centro,Mediano,Khorugh,9 Gerald Street
509,Longbranch Frostweed,Familiar,Grande,Khon Kaen,9385 Macpherson Avenue
510,Catchfly Grass,Conductual,Grande,Faya-Largeau,77 Canary Avenue
511,Keyflower,Geografica,Mediano,Omaha,8530 Calypso Parkway
512,Greek Valerian,Familiar,Mediano,Trondheim,09146 Becker Circle
513,Flett's Dry Rock Moss,Familiar,Grande,Sumbergayam,568 Loeprich Place
514,Cajanus,Universitaria,Grande,Barajalan,6 Lotheville Parkway
515,Paradise Tansymustard,Familiar,Grande,Dalumangcob,9159 Lillian Point
516,Padre's Shootingstar,Universitaria,Mediano,Pakuwon,486 Bunker Hill Center
517,Annual Candyleaf,Centro,Mediano,Tha Uthen,929 Lukken Street
518,Ferchel's Bryum Moss,Conductual,Mediano,Guanban,7730 Katie Drive
519,Arizona Monkshood,Conductual,Grande,Ipatinga,2474 Warrior Point
520,Muilla,Geografica,Pequeno,Mariestad,8561 Continental Avenue
521,Birdwing Passionflower,Conductual,Mediano,Hayange,71609 Beilfuss Place
522,Ornduff's Meadowfoam,Geografica,Grande,Seke,034 Acker Drive
523,White Meadowbeauty,Universitaria,Pequeno,Xinrong,772 Oak Valley Plaza
524,Musky Phlox,Familiar,Grande,Plaisir,65 Lake View Place
525,Fool's Parsley,Universitaria,Pequeno,Lysogorskaya,4 Barby Center
526,False Tiger Orchid,Geografica,Grande,Sundsvall,8748 Waywood Pass
527,Astomum Moss,Familiar,Pequeno,Qarāwat Banī Zayd,007 Ruskin Terrace
528,Pylaisiella Moss,Geografica,Grande,Puerto Aisén,84252 Shelley Plaza
529,Rosy Sandcrocus,Conductual,Mediano,Mekkaw,8380 Laurel Street
530,Alaskan Bugseed,Conductual,Pequeno,Arísvi,18722 Darwin Trail
531,Luffa,Centro,Grande,San Felipe,26808 3rd Way
532,Cup Lichen,Conductual,Grande,Zlynka,83317 Randy Plaza
533,Keck's Checkerbloom,Geografica,Pequeno,Mollas,3 Rockefeller Circle
534,Cutleaf Coneflower,Conductual,Grande,Muldersdriseloop,4 Sugar Point
535,Hueso,Conductual,Grande,Maintang,86365 Morning Alley
536,Crawe's Sedge,Geografica,Pequeno,Vršac,7 Oneill Road
537,Yuma Sandmat,Conductual,Mediano,Fier,7 Knutson Way
538,Rinodina Lichen,Centro,Pequeno,Ivanava,75 Westridge Center
539,Bolander's Bluegrass,Centro,Mediano,Futian,92550 Barnett Terrace
540,Arctic Cinclidium Moss,Geografica,Grande,Hamburg,029 Ludington Street
541,Coville's Serviceberry,Universitaria,Pequeno,Yubileynyy,656 Hanover Lane
542,Treetrunk Fern,Conductual,Mediano,Évora,9731 Lindbergh Lane
543,Freycinetia,Universitaria,Pequeno,Tangkanpulit,06 Fallview Place
544,Yosemite Sedge,Geografica,Grande,Safonovo,557 3rd Center
545,Imshaugia Lichen,Geografica,Mediano,Santa Rosa del Sara,176 Mesta Center
546,Sapphire-berry,Conductual,Mediano,Riti,877 Manufacturers Pass
547,Loeskypnum Moss,Familiar,Mediano,El Guapinol,8761 Russell Pass
548,Sky-blue Lupine,Universitaria,Mediano,Lunao,9733 Delaware Parkway
549,Wilcox's Phlox,Conductual,Mediano,Lupo,37944 Bowman Avenue
550,Kamchatka Rhododendron,Centro,Pequeno,Guachucal,7 Fairfield Avenue
551,Lacebark,Conductual,Mediano,Rontu,9 Londonderry Avenue
552,Theobroma,Universitaria,Pequeno,Pishaj,1190 Cherokee Street
553,Duchesne River Twinpod,Conductual,Pequeno,Bulakgebang,31571 Summit Park
554,Welsh's Phacelia,Geografica,Mediano,Molugan,200 Menomonie Point
555,Cottam's Buckwheat,Conductual,Pequeno,Pio,4 Carpenter Hill
556,Treetrunk Cyanea,Geografica,Mediano,Muara,043 Granby Court
557,Oldplainsman,Conductual,Mediano,Corbeil-Essonnes,72690 Badeau Terrace
558,Bejuco De Alambre,Familiar,Grande,Kara-Balta,7521 Vidon Parkway
559,Camatta Canyon Amole,Geografica,Grande,Finspång,6 Barby Center
560,Kaala Stenogyne,Conductual,Mediano,Kalemie,44 Warrior Pass
561,Trachelospermum,Familiar,Grande,Wajir,6 Sachtjen Parkway
562,Turpentine Bush,Universitaria,Pequeno,Cishan,5757 David Hill
563,Marlberry,Geografica,Mediano,Sut-Khol’,62 Buell Drive
564,Algarrobilla,Geografica,Grande,Warmbaths,6 Laurel Court
565,Laguna Mountain Jewelflower,Conductual,Mediano,Zlechov,28 Green Junction
566,Palestine Clover,Universitaria,Pequeno,Iwase,3337 Cambridge Point
567,Chamisso Arnica,Familiar,Mediano,Biting,99086 Superior Avenue
568,Sonoma Penstemon,Conductual,Mediano,Shicong,63 Nelson Terrace
569,Primavera,Universitaria,Grande,Karoya,1 Artisan Pass
570,Willdenow's Sedge,Familiar,Grande,Kajok,06575 Summer Ridge Crossing
571,Comanche Peak Prairie Clover,Conductual,Grande,Chengbei,8781 Troy Parkway
572,Yellow Evening Primrose,Universitaria,Mediano,San Antonio,432 Vidon Trail
573,Breadnut,Universitaria,Mediano,Le Havre,463 Northland Park
574,Italian Leather Flower,Centro,Pequeno,Kompaniyivka,255 Anthes Crossing
575,Rollinia,Familiar,Mediano,Gorskaya,8 Jackson Hill
576,Sandyseed Clammyweed,Universitaria,Pequeno,Huangjing,7992 Cascade Terrace
577,Seacliff Beggarticks,Conductual,Pequeno,Malausma Kidul,349 Hallows Plaza
578,Cliff Spurge,Conductual,Grande,Corbeil-Essonnes,96052 Ludington Alley
579,Rough Avens,Familiar,Grande,Minakuchi,67 Calypso Alley
580,Australian Panicgrass,Conductual,Pequeno,Błędów,27481 Macpherson Park
581,Machaeranthera,Familiar,Pequeno,Hengfeng,137 Stang Hill
582,Snail Orchid,Universitaria,Pequeno,Sanana,9 Grasskamp Point
583,Twocolor Croton,Universitaria,Grande,Narail,48491 Chive Drive
584,Wavyleaf Sea Lavender,Centro,Mediano,Debeljača,18543 Riverside Road
585,Red Hills Soap Plant,Conductual,Mediano,Jandir,980 Hanover Way
586,Codlins And Cream,Centro,Pequeno,Tomsk,2 Chinook Circle
587,Yellow Avens,Geografica,Pequeno,Ipubi,235 Holmberg Point
588,Alexandrian Senna,Centro,Pequeno,Qinā,32 5th Street
589,Bonnet Orchid,Familiar,Grande,Hova,89523 Fordem Alley
590,Common Woodrush,Familiar,Grande,Baalbek,30752 Marcy Trail
591,California Goldfields,Centro,Pequeno,Mustvee,858 Kropf Lane
592,Oregon Phacelia,Universitaria,Pequeno,Winangun,45 Birchwood Way
593,Eared Goldenrod,Familiar,Grande,Seixo,91484 Fallview Street
594,Rustyseed Paspalum,Conductual,Grande,Sumilao,0516 Clyde Gallagher Crossing
595,Duckmeat,Centro,Grande,Kinamayan,016 Sage Circle
596,Andalusian Pohlia Moss,Familiar,Pequeno,Lokuuy,813 Holy Cross Street
597,Bahama Wild Coffee,Universitaria,Mediano,Pavlovskaya,826 Prentice Drive
598,Devil's Horsewhip,Centro,Mediano,Laimuda,3601 Kingsford Pass
599,Pseudopanax,Conductual,Mediano,Pont-Audemer,0 Fordem Drive
600,Gray Cryptantha,Conductual,Grande,Liqiao,980 Sage Park
601,Plantain False Leopardbane,Geografica,Pequeno,Syracuse,4975 Donald Circle
602,Lilac Tasselflower,Familiar,Mediano,São Filipe,695 Claremont Parkway
603,Pt. Reyes Bird's-beak,Familiar,Mediano,Xilin,73 Fremont Avenue
604,Whitestar,Conductual,Grande,Matanog,6632 Clove Center
605,Barren Ground Willow,Conductual,Pequeno,Xinjian,5258 Del Mar Pass
606,Cyrtandra,Universitaria,Grande,Eqlīd,3147 Magdeline Circle
607,Mexican Orange,Universitaria,Pequeno,Casal Novo,7620 Welch Street
608,Schaffner's Wattle,Conductual,Mediano,Kushikino,515 Tennyson Center
609,Araujia,Universitaria,Mediano,Banjar Asahduren,3114 Burning Wood Street
610,Small Limestone Moss,Conductual,Pequeno,Zhongzhai,0262 Park Meadow Place
611,Clauzadeana,Centro,Grande,Sondo,847 South Way
612,Selkirk's Violet,Universitaria,Pequeno,Al Qurayshīyah,026 Columbus Way
613,Goodding's Bladderpod,Conductual,Grande,Pobé,33900 6th Point
614,Subtropical Common Reed,Familiar,Grande,Genève,60504 Pennsylvania Drive
615,Papery Cyanea,Centro,Mediano,Maiac,404 New Castle Center
616,Littleleaf Milkwort,Familiar,Pequeno,Montasik,78 Petterle Circle
617,Millet Crabgrass,Familiar,Pequeno,Pervomayskoye,85057 Shelley Place
618,Melanelia Lichen,Conductual,Grande,Cikoneng,37723 Kedzie Alley
619,Yambush,Familiar,Pequeno,Krasnotorka,13739 Carpenter Pass
620,Alabama Blazing Star,Universitaria,Grande,Gusinoozyorsk,5889 Corscot Road
621,Palustriella Moss,Universitaria,Grande,Tanjung,15 Kingsford Avenue
622,San Diego Pepperweed,Geografica,Pequeno,Seredeyskiy,946 Westend Trail
623,Fragile Oat,Geografica,Mediano,Lysyanka,32424 Vermont Center
624,Grassland Pricklypear,Universitaria,Pequeno,Roma,86469 Autumn Leaf Alley
625,Lecidea Lichen,Centro,Mediano,Biscucuy,570 Westridge Park
626,Dwarf Violet Iris,Universitaria,Mediano,Santa Teresa,34461 East Junction
627,Warnstorfia Moss,Conductual,Grande,Turtas,009 Redwing Way
628,Myriotrema Lichen,Universitaria,Mediano,Tamontaka,759 Schurz Hill
629,Swamplily,Universitaria,Mediano,Alexandria,76905 Mallard Lane
630,Tweedy's Sandwort,Universitaria,Grande,Juupajoki,124 Fuller Drive
631,Sturt's Desert Rose,Centro,Pequeno,Pingsha,32 Gateway Circle
632,Marsh Violet,Geografica,Pequeno,Dolní Libina,7124 Lerdahl Park
633,Wideleaf Waterparsnip,Familiar,Mediano,Pangligaran,177 Kennedy Trail
634,Skin Lichen,Geografica,Pequeno,Motala,5333 Ronald Regan Lane
635,Cobwebby Wild Indigo,Familiar,Mediano,Xia’ertai,177 Waxwing Street
636,Hybrid Oak,Familiar,Pequeno,Grytviken,15016 Anhalt Center
637,Black Damar,Universitaria,Mediano,Przesmyki,73439 Vidon Road
638,Quill Spikerush,Conductual,Pequeno,Liuzikou,65076 Fairview Point
639,Crimson Sage,Conductual,Mediano,Novogireyevo,91 Melody Drive
640,Colorado Blazingstar,Familiar,Grande,Yanji,625 Porter Place
641,Damiana,Universitaria,Grande,Warungsugan,643 Gale Drive
642,Hong Kong Kumquat,Universitaria,Pequeno,Timezgadiouine,630 Gale Trail
643,Lyall's Milkvetch,Familiar,Pequeno,Simpang Ulim,14 Welch Crossing
644,Parry's Rabbitbrush,Familiar,Grande,El Bolsón,3611 Bashford Avenue
645,Ropalospora Lichen,Centro,Pequeno,Moca,0 Kropf Trail
646,Rogue Canyon Rockcress,Conductual,Grande,Dunkerque,068 Steensland Pass
647,Tylothallia Lichen,Centro,Pequeno,Waepana,3 Continental Hill
648,Willowleaf Candyleaf,Universitaria,Grande,Älvsbyn,0823 Stuart Terrace
649,Wart Lichen,Familiar,Grande,Riberalta,891 Mcbride Point
650,Orange Wall Lichen,Centro,Mediano,Holboo,766 Westridge Street
651,Swamp Colicwood,Geografica,Mediano,Yanxi,2728 Onsgard Avenue
652,Aster,Centro,Grande,Muesanaik,0 Trailsway Center
653,Small Wirelettuce,Geografica,Grande,Burnaby,44421 Waxwing Street
654,Fewflower Evening Primrose,Conductual,Pequeno,Derbur,69 Bobwhite Park
655,New Jersey Tea,Centro,Pequeno,Selasari,01 Anzinger Junction
656,Wart Lichen,Geografica,Grande,Meilisi,15 Lakewood Gardens Trail
657,Red Stopper,Centro,Mediano,Puqi,36296 Lerdahl Avenue
658,Tufted Globemallow,Centro,Grande,Harrison Brook,71796 Bluestem Parkway
659,Japanese Jasmine,Geografica,Pequeno,Lyon,85845 Loomis Road
660,Runyon's Water-willow,Centro,Pequeno,Orurillo,918 2nd Crossing
661,Speckled Clarkia,Familiar,Pequeno,Sheffield,17 Del Mar Terrace
662,Marigold,Conductual,Pequeno,Maizuru,7 Eagan Hill
663,Scoliciosporum Lichen,Geografica,Grande,Själevad,5 Gateway Trail
664,Cascarilla,Familiar,Mediano,Luruaco,4166 Express Pass
665,Japanese Elm,Universitaria,Pequeno,Al ‘Awjah,396 Kennedy Way
666,Deltoid Maiden Fern,Familiar,Mediano,Canela,5 Corben Lane
667,Poorjoe,Centro,Pequeno,Hengshui,2574 Kim Park
668,Twobristle Rockdaisy,Geografica,Pequeno,Ljig,7961 Menomonie Pass
669,Rainiera,Geografica,Pequeno,Vladislav,4 Maywood Pass
670,Narcissus Anemone,Universitaria,Grande,Kamo,0540 Corry Road
671,Hairy False Goldenaster,Centro,Grande,Shanguang,02234 Hagan Way
672,Shaggy Blazing Star,Universitaria,Mediano,Hualin,6720 Buhler Point
673,Compton Oak,Familiar,Mediano,Maroúsi,0915 Grim Crossing
674,Edrudia Lichen,Conductual,Pequeno,Uppsala,1285 Hallows Court
675,Citrange,Centro,Mediano,Baie-D'Urfé,39475 Myrtle Avenue
676,Alligatorlily,Familiar,Pequeno,Gujba,8 Park Meadow Terrace
677,Louisiana Broomrape,Geografica,Pequeno,Tahoua,5669 Talisman Way
678,Velvetseed Milkwort,Conductual,Mediano,Pointe-à-Pitre,5 International Hill
679,Alva Day's Gilia,Centro,Pequeno,Paledang,041 Farmco Hill
680,Crenulate Mountain-avens,Conductual,Pequeno,Sekongkang Bawah,914 Pierstorff Hill
681,Stiffleaf False Foxglove,Centro,Grande,Agra,8090 Westridge Road
682,Thicket Panicgrass,Conductual,Pequeno,Poja Nae,2 Loeprich Court
683,Na'ena'e Pua Melemele,Conductual,Mediano,Al Qiţena,9892 Monica Drive
684,Pretty Sneezeweed,Centro,Grande,Divichibazar,2523 Pearson Parkway
685,Freesia,Geografica,Mediano,Jijiga,63949 Crowley Pass
686,Scytheleaf Onion,Conductual,Grande,Lương Bằng,01611 Northfield Plaza
687,Flodman's Thistle,Centro,Grande,San Sebastian,79091 Gale Trail
688,Neofuscelia Lichen,Familiar,Pequeno,Międzyzdroje,4 Esker Place
689,American Funaria Moss,Centro,Pequeno,Xianren,6650 Lukken Hill
690,Selwyn's Atrichum Moss,Familiar,Pequeno,Mykolayiv,31969 Oak Valley Place
691,Ragged Robin,Universitaria,Pequeno,Oklahoma City,992 Eagan Road
692,Yellow Fumewort,Geografica,Mediano,Dalarik,07 Elmside Park
693,Red Ginger,Geografica,Mediano,Bagumbayan,6 Dapin Parkway
694,Mahogany Fawnlily,Universitaria,Pequeno,Esperalvillo,1 Gerald Terrace
695,Eurasian Junegrass,Centro,Grande,Tiancheng,5852 Miller Crossing
696,Yellow Larkspur,Geografica,Grande,Ticllos,326 Vernon Road
697,Miller's Rock Moss,Familiar,Mediano,Wolfville,97 Fulton Street
698,California Brickellbush,Familiar,Mediano,Beyla,35 Rockefeller Point
699,Common Hoptree,Familiar,Mediano,Santa Rita,2121 Dakota Pass
700,Red Hawthorn,Centro,Mediano,Rathnew,75 Swallow Way
701,Florida Star Orchid,Familiar,Pequeno,Belyye Stolby,2734 Service Circle
702,Ewan's Cinquefoil,Conductual,Grande,Bratsk,07732 Atwood Drive
703,Hairy Small-leaf Ticktrefoil,Centro,Mediano,Brzeg Dolny,9513 Lindbergh Pass
704,Trinity River Jewelflower,Centro,Pequeno,Tsuen Wan,368 Cardinal Park
705,Orange Daylily,Universitaria,Mediano,Karangmulya,2 South Drive
706,California Fagonbush,Geografica,Pequeno,Sliema,84394 Esker Pass
707,Bastard Briziletto,Familiar,Pequeno,Luqiao,56154 Schiller Trail
708,Yellow Willowherb,Conductual,Pequeno,Cabaret,9552 Fuller Court
709,Wyoming Besseya,Geografica,Grande,Laotai,16 Scoville Alley
710,Spanish Fennel,Conductual,Mediano,Kardamás,073 Goodland Center
711,Dwarf Mountain Lupine,Geografica,Pequeno,Massawa,99 Banding Road
712,Minthorn's Milkvetch,Centro,Mediano,Bin’an,52295 Meadow Valley Junction
713,Cachimbo Grande,Universitaria,Pequeno,Anyar,117 Charing Cross Crossing
714,Hairy False Goldenaster,Familiar,Mediano,Muzambinho,76 Park Meadow Plaza
715,Sierra Foothill Silverpuffs,Geografica,Mediano,Jarigue,5 Oriole Hill
716,Summer Coralroot,Conductual,Mediano,Haquira,10 Lindbergh Street
717,Comarum,Universitaria,Mediano,Jhingergācha,56 Dapin Circle
718,Campylopus Moss,Familiar,Mediano,Magangué,8 Pierstorff Avenue
719,Oregon Gumweed,Universitaria,Pequeno,Huili Chengguanzhen,35 Bobwhite Avenue
720,Catnip Noseburn,Conductual,Pequeno,Viale,88 Ridgeway Lane
721,Mojave Pricklypoppy,Conductual,Pequeno,Vila Franca do Campo,138 Schiller Center
722,Crumia Moss,Universitaria,Pequeno,Kímolos,0953 Anderson Point
723,Nutrush,Universitaria,Mediano,Kahama,44 Prairie Rose Street
724,Yellow Nutsedge,Universitaria,Grande,Fox Creek,4363 Boyd Parkway
725,Mojave Pricklypoppy,Conductual,Grande,Ningzhong,9 Mcguire Way
726,Arrow Arum,Familiar,Mediano,Motala,506 Leroy Plaza
727,Moonpod,Universitaria,Mediano,Chacabuco,69034 Hanover Crossing
728,Dames Rocket,Centro,Mediano,Riolândia,328 Cardinal Park
729,Sierra Bluecup,Familiar,Mediano,Huangdi,7 Logan Road
730,Umbrella Plant,Universitaria,Grande,Hebei,9996 Golf Avenue
731,Lemmon's Lessingia,Centro,Grande,Eqbālīyeh,70 Delladonna Court
732,Cudrania,Universitaria,Pequeno,Kusi,88923 Golf View Pass
733,Amur Rose,Familiar,Mediano,Limón,89 Boyd Circle
734,Fiddleleaf Hawksbeard,Familiar,Grande,Joutseno,7641 Lien Terrace
735,Silky Raillardella,Universitaria,Pequeno,Maracanaú,12784 Gateway Center
736,Stinkingtoe,Geografica,Grande,Xinglongchang,0 Northview Court
737,Black Spikerush,Conductual,Grande,Samir,83 Hayes Place
738,Hawai'i Pritchardia,Centro,Pequeno,Huiwen,741 Algoma Court
739,Bryocaulon Lichen,Familiar,Grande,Unión de Reyes,96 Merrick Way
740,Macranthera,Universitaria,Pequeno,Krenggan,44 Talmadge Junction
741,Crabseye Lichen,Universitaria,Pequeno,Elassóna,9 Mcguire Junction
742,Hoffmann's Nightshade,Conductual,Pequeno,Benito Juarez,95 Scoville Avenue
743,Alpineflames,Centro,Grande,Strum,4865 Dapin Place
744,Crowngrass,Universitaria,Mediano,Burhānuddin,89257 Lakewood Gardens Crossing
745,Eastern Redcedar,Conductual,Mediano,Dobrošte,811 Ohio Circle
746,Hairy Whitetop,Centro,Grande,Skarbimierz Osiedle,08991 Warner Crossing
747,Maui Melicope,Conductual,Mediano,Semambung,13 Montana Junction
748,Daimyo Oak,Familiar,Pequeno,Novocherkassk,21 Havey Terrace
749,Caucasian Lime,Centro,Pequeno,Nanhu,652 Kenwood Court
750,Rayless Tansyaster,Centro,Mediano,Mansilingan,26 Thackeray Point
751,Hansen's Bird's Beak,Universitaria,Grande,Midoun,5 Armistice Junction
752,Phaeographis,Universitaria,Pequeno,Atlanta,4 Valley Edge Center
753,Ash Penstemon,Conductual,Pequeno,Rozvadov,78 4th Avenue
754,Skeletonleaf Willow,Familiar,Grande,Ziyang,976 Elgar Court
755,Mountain Mock Vervain,Conductual,Pequeno,Cikadongdong,18853 Grayhawk Center
756,Pitchersage,Geografica,Grande,Suren,7967 Weeping Birch Alley
757,Sanguinaria,Geografica,Pequeno,Ruzhany,33188 Roxbury Crossing
758,Catalina Grass,Geografica,Pequeno,Zhelin,0 Eastwood Hill
759,Slender Hairgrass,Familiar,Grande,Morgados,174 Summit Hill
760,Swamp Morning-glory,Conductual,Grande,San Andrés Xecul,3859 Del Mar Street
761,African Senna,Geografica,Mediano,Yong’an,45412 Luster Center
762,Rocklady,Familiar,Pequeno,La Rioja,290 Helena Hill
763,Balloonpod Milkvetch,Familiar,Pequeno,Vidče,947 Cottonwood Drive
764,Hawai'i Cyrtandra,Universitaria,Mediano,Cihaur,72547 Harbort Point
765,Maui Islandmint,Centro,Grande,Kōnosu,628 School Plaza
766,Chinese Desert-thorn,Conductual,Mediano,Xiluodu,202 Moose Pass
767,Davidson's Wavewing,Geografica,Pequeno,Chartres,9070 Farwell Pass
768,Northern Birch,Centro,Mediano,Nhà Bàng,3 Summer Ridge Crossing
769,Northern Fescue,Geografica,Pequeno,Rejoagung,91710 Golf Course Circle
770,Queen Of The Forest,Conductual,Mediano,Malishka,8741 Heffernan Point
771,Coastal Plain Dawnflower,Geografica,Pequeno,Schäffern,6986 Beilfuss Park
772,Smooth Fanpetals,Conductual,Grande,Babahoyo,78 Mitchell Trail
773,Hairy Fimbry,Conductual,Pequeno,Étampes,7 Crest Line Park
774,Prairie Plantain,Familiar,Pequeno,Abaza,069 Oriole Way
775,Sawsepal Penstemon,Conductual,Pequeno,Kunsan,65 Goodland Drive
776,Rushpea,Universitaria,Mediano,Jaciara,8 Logan Center
777,Chromatochlamys Lichen,Centro,Mediano,Aqtöbe,370 Clemons Way
778,Pore Lichen,Conductual,Mediano,Djibo,460 Barby Crossing
779,Dwarf Crabgrass,Centro,Pequeno,Asadābād,07008 Clemons Way
780,Hillside Clermontia,Geografica,Pequeno,Botigues,489 Monica Court
781,Baker's Wild Hollyhock,Familiar,Grande,Chadong,0 Surrey Avenue
782,Naked Sedge,Centro,Grande,Las Palmas,414 Farwell Alley
783,Navel Lichen,Familiar,Mediano,Xianqiao,70593 Pond Crossing
784,Cracked Lichen,Familiar,Grande,Vĩnh Tường,71293 Ryan Alley
785,Apetalous Catchfly,Universitaria,Grande,Baćkowice,747 Fairfield Parkway
786,Cup Lichen,Familiar,Grande,Trenggulunan,2375 Banding Circle
787,Henry's Lily,Universitaria,Mediano,Banjaranyar,48963 Arrowood Hill
788,Alabama Croton,Universitaria,Pequeno,Oeleu,5743 Birchwood Center
789,Bluehead Gilia,Geografica,Mediano,Banjar Desa,8971 Lake View Trail
790,Kunth's Onion,Centro,Pequeno,Szubin,1 Mariners Cove Trail
791,Argyle Apple,Universitaria,Mediano,Leudelange,22771 Division Center
792,Texas Yellowstar,Centro,Grande,Chelbasskaya,19 Melrose Pass
793,Southern Blue Monkshood,Conductual,Pequeno,Pohrebyshche,4981 Delladonna Avenue
794,Little Bur-clover,Universitaria,Grande,Paris 19,350 Surrey Pass
795,Smallflower Fescue,Universitaria,Mediano,Bojonghaur,19205 Hazelcrest Park
796,Marginal Woodfern,Universitaria,Grande,Nagano-shi,28 Center Alley
797,Diamondleaf Fogfruit,Centro,Mediano,Wansheng,6 Melby Avenue
798,Interior Phacelia,Geografica,Grande,Jianmin,0551 3rd Crossing
799,Olney's Dry Rock Moss,Familiar,Pequeno,Podosinovets,5689 Fieldstone Road
800,Rush Hairsedge,Centro,Mediano,Ituberá,4444 Sunbrook Center
801,Tennessee Bladderfern,Universitaria,Grande,Trzebieszów,3 Sycamore Alley
802,Kidneyleaf Twayblade,Familiar,Mediano,Sabanalarga,31 Bunting Terrace
803,Palo De Cera,Universitaria,Pequeno,Cibinong,3 Packers Street
804,Bestia Moss,Centro,Grande,Manhuaçu,0 Lotheville Way
805,Stebbins' Desertparsley,Conductual,Pequeno,Shuangfeng,9930 Commercial Street
806,Threadstem Sandmat,Geografica,Pequeno,Sergiyev Posad,2 East Alley
807,Seaside Coccotrema Lichen,Centro,Mediano,Igarapé,5289 Corscot Drive
808,Waternymph,Conductual,Pequeno,Agía Varvára,74 Emmet Circle
809,Lemmon's Rockcress,Geografica,Pequeno,Carromeu,25125 Columbus Lane
810,Stevens' Fiddleleaf,Geografica,Grande,Mölndal,467 Kipling Court
811,Fringed Rue,Geografica,Pequeno,Västerås,448 Nancy Plaza
812,Alabama Phlox,Centro,Pequeno,Wenci,915 Del Sol Plaza
813,Manyspore Melanelia Lichen,Geografica,Grande,Bala Murghab,8996 Forest Trail
814,Monterey Pine,Universitaria,Mediano,Turija,60 Crest Line Parkway
815,Marsh Rose Gentian,Universitaria,Pequeno,Susunan,398 Eliot Hill
816,Cold-desert Phlox,Conductual,Mediano,Karonga,0848 Green Ridge Alley
817,Twinevine,Familiar,Pequeno,Osh,71 Nancy Center
818,Rosette Lichen,Conductual,Pequeno,Moyogalpa,43458 Scofield Road
819,White Vervain,Familiar,Mediano,Semibratovo,3076 Rowland Road
820,Asian Pigeonwings,Universitaria,Mediano,Svoge,13301 Huxley Trail
821,Channel Millet,Centro,Grande,Khursā,488 Lighthouse Bay Alley
822,Pennsylvania Cinquefoil,Centro,Grande,Pulong Sampalok,5 Buhler Center
823,Moth Orchid,Familiar,Grande,Langtad,556 Utah Plaza
824,Schistostega Moss,Geografica,Grande,Vaiusu,0123 Loftsgordon Place
825,Whorled Clustervine,Familiar,Pequeno,Kilingi-Nõmme,67 Moulton Parkway
826,Fringed Orchid,Familiar,Mediano,Cigedang,839 Farmco Hill
827,Williams' Springparsley,Familiar,Grande,Boulder,5655 Laurel Hill
828,Northern Singlespike Sedge,Conductual,Grande,Fontinha,008 Chinook Point
829,Carelessweed,Geografica,Pequeno,Puttalam,45 Scott Terrace
830,Mullein,Centro,Pequeno,Puzi,28262 Lighthouse Bay Center
831,Low Bladderpod,Centro,Grande,Ust’-Isha,30 Washington Junction
832,Corn Chamomile,Universitaria,Mediano,Curitibanos,16 Ohio Avenue
833,Sessile Bladderpod,Geografica,Mediano,Oslo,3 Kipling Hill
834,Downy Lobelia,Conductual,Grande,Segezha,24 Randy Alley
835,Climbing Nightshade,Universitaria,Pequeno,Bantar Tengah,1290 Charing Cross Trail
836,Lacefern,Familiar,Mediano,Néa Karváli,434 Pepper Wood Circle
837,Santa Rosa Horkelia,Familiar,Mediano,Rahayu,9699 Onsgard Court
838,Don Quixote's Lace,Familiar,Mediano,Palmares,422 Saint Paul Plaza
839,Heller's Bird's-beak,Centro,Mediano,Cabucgayan,5 Spohn Hill
840,Knotweed,Centro,Mediano,Riga,700 Park Meadow Lane
841,Hartweg's Paspalum,Geografica,Mediano,Dubti,2680 Swallow Lane
842,Applegate's Milkvetch,Familiar,Pequeno,Minanga Norte,8322 Norway Maple Park
843,Slender False Dragonhead,Familiar,Grande,Pesek,11 Mayer Plaza
844,Wideleaf Indian Paintbrush,Universitaria,Pequeno,Dayan,5249 Melrose Crossing
845,Camphor Daisy,Geografica,Pequeno,Minglanilla,46837 Vidon Way
846,Annual Polemonium,Conductual,Mediano,Shuvakish,2726 Dahle Drive
847,Bolander's Tortula Moss,Familiar,Pequeno,Erdenet,766 Tennyson Place
848,Washoe Pine,Centro,Pequeno,Quimper,73 Mallory Hill
849,Burn Nose,Conductual,Grande,Puteaux,25 Dunning Trail
850,Campylopus Moss,Geografica,Grande,Liuzikou,0 Kipling Trail
851,Prairie Parsley,Familiar,Mediano,Tungi,472 Lyons Park
852,California False Pennyroyal,Conductual,Pequeno,Dawung,25 Sutteridge Pass
853,Dot Lichen,Centro,Pequeno,Santiago Atitlán,4 Cardinal Lane
854,Heartleaf Saxifrage,Familiar,Pequeno,Lichtenburg,4 Quincy Avenue
855,Sticky Cinquefoil,Conductual,Pequeno,Hukou,24 Parkside Trail
856,Easter Cactus,Conductual,Mediano,Podstepki,9160 Cambridge Avenue
857,Pennsylvania Blackberry,Universitaria,Grande,Gjøvik,5173 Stephen Point
858,Shrubby False Buttonweed,Centro,Mediano,Göteborg,2619 Nobel Point
859,Dwarf Phlox,Centro,Pequeno,Baucau,25669 Grasskamp Lane
860,Haller's Campylium Moss,Familiar,Mediano,Yukuhashi,13 Heffernan Road
861,Strumpfia,Universitaria,Pequeno,Karabanovo,91 Pine View Park
862,Cusick's Milkvetch,Familiar,Pequeno,Semey,6101 Iowa Way
863,Blue Mudplantain,Conductual,Pequeno,Buôn Ma Thuột,4189 East Crossing
864,Southern Mule-ears,Universitaria,Pequeno,Beyla,171 Muir Road
865,Cowpea,Familiar,Grande,Zumiao,2316 Brickson Park Way
866,Tsuga Szczawinskia Lichen,Geografica,Grande,Kadusimbar,569 Scofield Place
867,'ahakea,Centro,Grande,Ta’ Xbiex,74407 Tennessee Lane
868,Drummond's Entosthodon Moss,Conductual,Grande,Qaryat al Qābil,10379 Lunder Place
869,Garden Cosmos,Conductual,Mediano,Otacílio Costa,56561 Grover Road
870,Be Still Tree,Conductual,Grande,Rochester,05 Lakeland Court
871,California Melicgrass,Conductual,Grande,Rejasa Kaja,36309 Clyde Gallagher Drive
872,Kohala Mountain Stenogyne,Conductual,Mediano,Chiryū,5963 Comanche Plaza
873,Cyrto-hypnum Moss,Geografica,Mediano,Skopje,75 Sage Circle
874,Tropical Bent,Geografica,Grande,Dana,9 Talisman Plaza
875,Osterhout's Lupine,Conductual,Mediano,Nueva Guinea,6395 Doe Crossing Street
876,Cusick's Locoweed,Universitaria,Grande,Mamponteng,31 Dwight Place
877,Ashe's Juniper,Geografica,Pequeno,Chaka,76 Fordem Hill
878,Purple Foxglove,Universitaria,Mediano,Shiki,13 Carpenter Hill
879,Sonoran Globe Amaranth,Geografica,Grande,Osypenko,07 Mosinee Junction
880,Script Lichen,Familiar,Grande,Hangwula,39 Hermina Drive
881,Tidestrom's Lupine,Conductual,Grande,Camingawan,297 Cody Plaza
882,Rape,Geografica,Grande,Caoyan,0 Gina Avenue
883,Annual Bastardcabbage,Centro,Mediano,Cabeçudos,84 Bultman Hill
884,Bartramiopsis Moss,Conductual,Mediano,Nkove,13 Meadow Valley Pass
885,Arizona Cudweed,Conductual,Mediano,Dembeni,30064 Bowman Hill
886,Pamohe,Conductual,Grande,Chikeng,6162 Manley Center
887,Spring Speedwell,Geografica,Mediano,Wongka,06 Anniversary Center
888,San Miguel Milkvetch,Conductual,Mediano,Široki Brijeg,28 Maple Way
889,Dwarf Clover,Geografica,Grande,Petropavlovsk,4138 Buena Vista Terrace
890,Eared Flatsedge,Centro,Grande,Mungui,54954 Burning Wood Drive
891,Queen's-delight,Geografica,Pequeno,Chelbasskaya,686 Spohn Lane
892,Striped Hawksbeard,Centro,Mediano,Winangun,9 Anthes Road
893,Cottonbush,Geografica,Pequeno,Nanfeng,710 Warner Parkway
894,Beardless Wildrye,Geografica,Grande,Watoona,68 Hooker Drive
895,Pond Bogmat,Conductual,Pequeno,Rive-de-Gier,7373 Russell Drive
896,Georgia Indian Plantain,Geografica,Grande,Dzhiginka,4 Amoth Avenue
897,Standish's Honeysuckle,Geografica,Pequeno,Panyingkiran,294 Dixon Pass
898,True Indigo,Geografica,Pequeno,Bhairāhawā,2234 Springs Center
899,California Goosefoot,Geografica,Mediano,Boto,77897 Grasskamp Drive
900,Olympic Brachydontium Moss,Geografica,Mediano,Hebeitun,42 Harbort Pass
901,Limber Honeysuckle,Conductual,Grande,Bartica,3 Dixon Terrace
902,Tufted Wallaby Grass,Centro,Pequeno,Koran,61 Heath Plaza
903,Elaeocarpus,Geografica,Pequeno,Mullagh,51 Homewood Center
904,Pyrenocollema Lichen,Centro,Mediano,Wenping,04300 Swallow Center
905,Spreading False Prairie-clover,Geografica,Mediano,Mogi Mirim,272 Dorton Alley
906,Duckmeat,Geografica,Pequeno,Paris 11,9 Village Hill
907,Beard Lichen,Geografica,Pequeno,Ndofane,13 Moland Plaza
908,Paradox Sunflower,Centro,Grande,Bích Động,35 Shoshone Alley
909,Dwarf Checkerbloom,Universitaria,Grande,Rusip,2657 Dennis Park
910,Sickle Tickseed,Geografica,Mediano,Paranho,500 Cordelia Crossing
911,Nebraska Tansyaster,Conductual,Pequeno,Bellavista,2 Cottonwood Parkway
912,Barnacle Lichen,Universitaria,Mediano,Yezhu,89582 Crescent Oaks Trail
913,Engelmann's Aster,Conductual,Pequeno,Mrągowo,17 Wayridge Court
914,Subalpine Goldenbush,Centro,Grande,Lyamino,2835 Debs Trail
915,Para Piassava,Universitaria,Grande,Boac,1 Delladonna Way
916,Porter's Groundsel,Universitaria,Mediano,Camarate,0966 Calypso Drive
917,Turtleback,Conductual,Grande,Dubrava,0096 Dahle Trail
918,Vortriede's Spineflower,Geografica,Grande,Thung Khru,8 Katie Road
919,Bright Green Dudleya,Geografica,Grande,Niny,987 Tony Circle
920,Folded Calicoflower,Conductual,Grande,Sukajadi,4706 Kedzie Street
921,Myelochroa Lichen,Universitaria,Pequeno,Biharamulo,2 Golf View Center
922,Plateau Milkvine,Centro,Grande,Rancapeundey,48 Melrose Pass
923,Dicranum Moss,Centro,Mediano,Hässleholm,483 Vermont Alley
924,North Umpqua Kalmiopsis,Universitaria,Grande,Graneros,26444 Miller Trail
925,Caribbean False Helmetorchid,Familiar,Grande,Uwa,569 Schlimgen Center
926,'aku,Conductual,Pequeno,Vaulx-en-Velin,809 Dennis Park
927,Dixie Silverback Fern,Familiar,Pequeno,Nyagan,4200 Old Gate Center
928,Sticky Fagonbush,Geografica,Grande,Ilaya,97997 Morningstar Drive
929,Wyoming Townsend Daisy,Centro,Grande,Citambal,43 Ruskin Junction
930,Caracas Pepper,Centro,Mediano,Lansing,9 Banding Road
931,American Alpine Speedwell,Universitaria,Mediano,São Pedro,29403 Fairfield Pass
932,Bessey's Locoweed,Familiar,Mediano,Wangcheng,2 Knutson Terrace
933,Akalbir,Centro,Pequeno,Aramecina,7524 Toban Avenue
934,Juniper Leaf,Universitaria,Mediano,Ovsyanka,4366 Bellgrove Point
935,Oreoxis,Geografica,Grande,Gunjur,02 Alpine Hill
936,Meadow Barley,Geografica,Mediano,La Rioja,4547 Grover Parkway
937,Park Rockcress,Familiar,Grande,Sredno Konjare,7 Butternut Place
938,Nodding Sunray,Universitaria,Grande,Kharp,7 Dorton Alley
939,Nightshade,Familiar,Pequeno,Obsharovka,62 Macpherson Parkway
940,Scrub Oak,Conductual,Grande,Aimadamodo,92 Golf View Lane
941,Papery Onion,Universitaria,Mediano,Tambobamba,5 Manley Pass
942,Saururus,Universitaria,Grande,Ashikaga,5200 Sycamore Circle
943,Intermediate Cottongrass,Familiar,Grande,Pasar Kidul,326 Steensland Place
944,Western Sweetroot,Universitaria,Pequeno,Neftçala,18 Homewood Hill
945,Island Orange Lichen,Familiar,Mediano,Cekcyn,39 Mayfield Terrace
946,Coltsfoot,Familiar,Pequeno,Mengxi,557 Derek Pass
947,Burrobrush,Geografica,Grande,Bagiktinggang,82529 Muir Junction
948,Sea Wormwood,Centro,Pequeno,Kamru,24366 Blue Bill Park Plaza
949,Mt. Kaala Cyanea,Centro,Pequeno,Sol’-Iletsk,3370 Old Gate Drive
950,Miracle Fruit,Geografica,Grande,Lewolang,4423 Schmedeman Lane
951,Wildrye,Conductual,Pequeno,Göteborg,033 Larry Center
952,Northern Funaria Moss,Geografica,Mediano,Banjar Pande,71150 Spohn Parkway
953,Rim Lichen,Familiar,Pequeno,Yangjiao,1056 Parkside Hill
954,Lecidella Lichen,Centro,Mediano,Tianjiazhai,8168 Packers Parkway
955,Black Baneberry,Conductual,Mediano,Lashkar Gāh,4231 Oriole Plaza
956,Oregon Western Rosinweed,Familiar,Pequeno,Kāshān,15 Maryland Junction
957,Aquatic Aspicilia,Universitaria,Mediano,Zhaojia,1753 Hovde Pass
958,Common Dandelion,Conductual,Mediano,Tamanan,441 Forster Alley
959,Wailau Valley Melicope,Familiar,Mediano,Banjar Kertasari,95557 Summer Ridge Road
960,Grassnut,Centro,Grande,Wuning,50591 Tennyson Road
961,Sarea Lichen,Familiar,Mediano,Futu,9 3rd Lane
962,Mediterranean Onion,Centro,Mediano,Kalabahi,7328 Lukken Circle
963,Mago,Universitaria,Grande,Mbanga,48 Luster Road
964,Vesicularia Moss,Geografica,Grande,Dmanisi,8 Starling Lane
965,Punaluu Rosemallow,Universitaria,Mediano,Yvetot,32065 Glendale Drive
966,Cup Clover,Conductual,Grande,Laotai,4259 Sachs Plaza
967,Flat-top Whiteweed,Familiar,Grande,Borkowice,55153 Maple Wood Place
968,Euryale,Conductual,Mediano,Manturovo,01433 Forest Dale Alley
969,Roetter's Hedgehog Cactus,Familiar,Mediano,Shums’k,419 Laurel Crossing
970,Tawny Cottongrass,Universitaria,Grande,Nova Granada,004 Merrick Pass
971,Ashen Milkvetch,Conductual,Pequeno,Cikiwul Satu,14 Thierer Court
972,White Oak,Familiar,Pequeno,Ubinskoye,5 Sundown Court
973,Ngai Camphor,Familiar,Mediano,Tomohon,6 Lunder Court
974,Lindheimer's Blazingstar,Centro,Mediano,Panambi,2956 Northridge Alley
975,Floating Primrose-willow,Familiar,Grande,Chambara,01677 Dawn Way
976,Hypotrachyna Lichen,Centro,Pequeno,Ágios Vasíleios,39 Crownhardt Circle
977,Smooth Baccharis,Centro,Grande,Hongmiao,039 Sommers Plaza
978,Roundleaf Purslane,Centro,Mediano,Vila Franca das Naves,6 Merrick Avenue
979,Berlandier's Lobelia,Conductual,Pequeno,Vischongo,9392 Cody Avenue
980,Ellipticleaf Papala,Familiar,Grande,Albi,53359 Annamark Parkway
981,Birdbill Dayflower,Geografica,Mediano,Futian,4757 Grayhawk Pass
982,Mexican Oregano,Universitaria,Grande,La Paz,941 Hanson Hill
983,Gypsum Grama,Conductual,Pequeno,Wadeng,6078 Bluejay Junction
984,Creeping Lady's Nightcap,Universitaria,Pequeno,Sami,012 Southridge Street
985,Cracked Lichen,Universitaria,Grande,Ibaraki,01 Almo Plaza
986,Silverleaf Milkvetch,Conductual,Grande,Taupo,910 Melby Way
987,Dwarf Cinquefoil,Universitaria,Grande,Marcovia,91 Northfield Junction
988,Howell's Buckwheat,Universitaria,Grande,Erdenet,842 Dennis Junction
989,Streambank Bulrush,Universitaria,Mediano,Rafael Hernandez Ochoa,48 Spaight Terrace
990,Zimbabwe Creeper,Centro,Pequeno,Dordrecht,3 Summit Alley
991,Pink Sand Verbena,Conductual,Mediano,Yeri,2 Warbler Court
992,Waipio Valley Clermontia,Centro,Pequeno,Alaminos,2180 Marquette Circle
993,Smoothleaf Beardtongue,Centro,Grande,Marseille,47 Homewood Lane
994,Mendocino Coast Indian Paintbrush,Familiar,Mediano,Bandar-e Māhshahr,5181 Spohn Terrace
995,San Joaquin Silverpuffs,Universitaria,Grande,As Sayyānī,59151 Riverside Point
996,Kuawawaenohu,Centro,Mediano,New Shagunnu,62042 Sunbrook Alley
997,Colorado Desert Mistletoe,Familiar,Grande,Chignayhua,4046 Stuart Terrace
998,Lemhi Milkvetch,Familiar,Grande,Dadong,2861 Harbort Hill
999,Indian Woodapple,Universitaria,Pequeno,Al Fūlah,08 Maple Point
1000,Grand Junction Camissonia,Conductual,Grande,Kongsvinger,2 Thompson Junction
